SNP	hg19_chr	hg19_pos	AlleleA	AlleleB	allA_total	allAB_total	allB_total	AlleleB_all
rs140337953	1	30923	T	G	71	10	1	0.0731707317073171
rs146477069	1	54421	A	G	75	6	0	0.037037037037037
rs141149254	1	54490	G	A	381	122	5	0.12992125984252
rs2462492	1	54676	C	T	54	64	29	0.414965986394558
rs143174675	1	54753	T	G	73	8	1	0.0609756097560976
rs3091274	1	55164	A	C	359	25	0	0.0325520833333333
rs3107975	1	55326	T	C	932	23	0	0.0120418848167539
rs114420996	1	58814	G	A	76	4	1	0.037037037037037
rs181431124	1	64649	A	C	570	13	0	0.0111492281303602
rs28850140	1	84002	G	A	72	4	1	0.038961038961039
rs190867312	1	84079	T	C	75	2	0	0.012987012987013
rs148331237	1	88188	C	A	75	2	0	0.012987012987013
rs77418980	1	91536	G	T	1182	212	10	0.0826210826210826
rs151118460	1	91581	G	A	1161	231	12	0.0908119658119658
rs149776517	1	92633	C	T	76	0	1	0.012987012987013
rs185004859	1	94986	C	T	72	5	0	0.0324675324675325
rs12184307	1	98974	A	G	469	38	1	0.0393700787401575
rs147538909	1	115746	C	T	74	11	0	0.0647058823529412
rs79114531	1	126113	A	C	75	2	0	0.012987012987013
rs147502335	1	135203	G	A	683	32	1	0.0237430167597765
