k	chisq	df	p_value
cluster_k2	1.50287778351503	1	0.220229098336767
cluster_k3	3.31977708627622	2	0.190160173576623
cluster_k4	3.73724553398885	3	0.29127039294373
