term	estimate	std.error	statistic	p.value	conf.low	conf.high
risk_score	1.30493611686625	0.223929697202825	1.18856092027158	0.234612493770802	0.841356293116844	2.02394429450767
