term	estimate	std.error	statistic	p.value	conf.low	conf.high
risk_groupHigh	9396994.36084029	2889.19959843813	0.00555721399654857	0.995566007573311	0	Inf
