time_months	AUC
12	0.584448429660063
24	0.500468623815153
36	0.558592451256057
