term	estimate	std.error	statistic	p.value	conf.low	conf.high
risk_group_ext_medianHigh	1.09861215083742	0.247685514968959	0.379706105016169	0.704163587857827	0.676104934339056	1.78514990302134
