cohort	n	mean	sd	median	q25	q75
TCGA_train	168	-4.36159045388454e-17	0.67509424764501	-0.038750945848954	-0.364299568345777	0.232739982027273
GSE21501_external	102	0.931270456312431	0.542238174396995	1.00294210847439	0.599028972422288	1.24888823261307
