term	estimate	std.error	statistic	p.value	conf.low	conf.high
risk_group_external_medianHigh	1.87269529324087	0.321760753929756	1.94982986198356	0.051196401057628	0.996744547599521	3.51844178106864
