term	estimate	std.error	statistic	p.value	conf.low	conf.high
risk_group_training_cutoffHigh	2.11847640093746	0.322447571378435	2.32812158670715	0.0199056483592721	1.12604503525458	3.98557972445062
