time_months	AUC
12	0.605
24	0.662002743484225
36	0.778264035785401
