term	estimate	std.error	statistic	p.value	conf.low	conf.high
risk_score	1.77184499965042	0.215250100705946	2.65747321139635	0.00787288471492745	1.16199566911139	2.70176110483012
