id.exposure	id.outcome	outcome	exposure	method	nsnp	b	se	pval	gene	OR	OR_lci95	OR_uci95
"GPX4"	"bbj-a-140"	"Pancreatic cancer || id:bbj-a-140"	"eQTLGen_GPX4"	"Inverse variance weighted"	3	-0.0838310551250218	0.113693285318988	0.460913216635818	"GPX4"	0.91958660241585	0.735893483413102	1.14913304493555
"GPX4"	"bbj-a-140"	"Pancreatic cancer || id:bbj-a-140"	"eQTLGen_GPX4"	"Weighted median"	3	-0.0864106105664554	0.113480444990746	0.446383461821586	"GPX4"	0.917217534676177	0.734303915133741	1.14569456675744
"GPX4"	"bbj-a-140"	"Pancreatic cancer || id:bbj-a-140"	"eQTLGen_GPX4"	"MR Egger"	3	-0.155173286504426	0.342716906238236	0.729335789955225	"GPX4"	0.856266785148736	0.43740382639548	1.67623775354456
"SLC31A1"	"bbj-a-140"	"Pancreatic cancer || id:bbj-a-140"	"eQTLGen_SLC31A1"	"Inverse variance weighted"	3	-0.0714081893224872	0.210819970707843	0.734823356967585	"SLC31A1"	0.931081756917767	0.615934081387126	1.40747730035124
"SLC31A1"	"bbj-a-140"	"Pancreatic cancer || id:bbj-a-140"	"eQTLGen_SLC31A1"	"Weighted median"	3	-0.0925561807355837	0.21932065703683	0.67301548771195	"SLC31A1"	0.911597995279876	0.593080778895169	1.40117659275074
"SLC31A1"	"bbj-a-140"	"Pancreatic cancer || id:bbj-a-140"	"eQTLGen_SLC31A1"	"MR Egger"	3	-0.377041472993151	0.501691305897679	0.589707166410328	"SLC31A1"	0.685887627493268	0.256569310999364	1.83358576953699
