exposure	outcome	id.exposure	id.outcome	samplesize	SNP	b	se	p	gene	OR	OR_lci95	OR_uci95
"eQTLGen_GPX4"	"Pancreatic cancer || id:bbj-a-140"	"GPX4"	"bbj-a-140"	NA	"rs1046040"	-0.0492111622108882	0.148317698650852	0.740043594749349	"GPX4"	0.951980086253128	0.711831643302183	1.27314666768444
"eQTLGen_GPX4"	"Pancreatic cancer || id:bbj-a-140"	"GPX4"	"bbj-a-140"	NA	"rs1076266"	-0.124729868641628	0.175424203869984	0.477072721134281	"GPX4"	0.882735324872869	0.625902101040097	1.24495772179632
"eQTLGen_GPX4"	"Pancreatic cancer || id:bbj-a-140"	"GPX4"	"bbj-a-140"	NA	"rs930231"	-0.0870190209290983	0.114130242613388	0.445789291865386	"GPX4"	0.916659659748934	0.73292324473111	1.14645692826853
"eQTLGen_GPX4"	"Pancreatic cancer || id:bbj-a-140"	"GPX4"	"bbj-a-140"	NA	"All"	-0.0838310551250218	0.113693285318988	0.460913216635818	"GPX4"	0.91958660241585	0.735893483413102	1.14913304493555
"eQTLGen_SLC31A1"	"Pancreatic cancer || id:bbj-a-140"	"SLC31A1"	"bbj-a-140"	NA	"rs1746137"	-0.0566966048072805	0.233559957025178	0.808199319257365	"SLC31A1"	0.944880698144939	0.59781489052003	1.49343809912502
"eQTLGen_SLC31A1"	"Pancreatic cancer || id:bbj-a-140"	"SLC31A1"	"bbj-a-140"	NA	"rs4390018"	0.343035125806718	0.627517647490707	0.58461635994586	"SLC31A1"	1.40921826098536	0.411930981920894	4.8209437848886
"eQTLGen_SLC31A1"	"Pancreatic cancer || id:bbj-a-140"	"SLC31A1"	"bbj-a-140"	NA	"rs6477990"	-0.137190600681907	0.21907776402477	0.531171479060656	"SLC31A1"	0.871804043850137	0.5674611340823	1.33937329840676
"eQTLGen_SLC31A1"	"Pancreatic cancer || id:bbj-a-140"	"SLC31A1"	"bbj-a-140"	NA	"All"	-0.0714081893224872	0.210819970707843	0.734823356967585	"SLC31A1"	0.931081756917767	0.615934081387126	1.40747730035124
