exposure	outcome	id.exposure	id.outcome	samplesize	SNP	b	se	p	gene	OR	OR_lci95	OR_uci95
"eQTLGen_GPX4"	"Pancreatic cancer || id:bbj-a-140"	"GPX4"	"bbj-a-140"	NA	"rs1046040"	-0.133159046437931	0.177042214621699	0.451971914522646	"GPX4"	0.875325863576533	0.618683288735753	1.23842906604393
"eQTLGen_GPX4"	"Pancreatic cancer || id:bbj-a-140"	"GPX4"	"bbj-a-140"	NA	"rs1076266"	-0.0542098148718147	0.149291739716565	0.716520256765821	"GPX4"	0.947233342008422	0.706931416103854	1.2692193100676
"eQTLGen_GPX4"	"Pancreatic cancer || id:bbj-a-140"	"GPX4"	"bbj-a-140"	NA	"rs930231"	0.330116879600166	1.30051921557515	0.799623279516389	"GPX4"	1.39113071376375	0.108728559450703	17.7988623463209
"eQTLGen_GPX4"	"Pancreatic cancer || id:bbj-a-140"	"GPX4"	"bbj-a-140"	NA	"All - Inverse variance weighted"	-0.0838310551250218	0.113693285318988	0.460913216635818	"GPX4"	0.91958660241585	0.735893483413102	1.14913304493555
"eQTLGen_GPX4"	"Pancreatic cancer || id:bbj-a-140"	"GPX4"	"bbj-a-140"	NA	"All - MR Egger"	-0.155173286504426	0.342716906238236	0.729335789955225	"GPX4"	0.856266785148736	0.43740382639548	1.67623775354456
"eQTLGen_SLC31A1"	"Pancreatic cancer || id:bbj-a-140"	"SLC31A1"	"bbj-a-140"	NA	"rs1746137"	-0.434865740673744	1.06887043273601	0.684121043634282	"SLC31A1"	0.647351574230063	0.0796708275169523	5.25994361699045
"eQTLGen_SLC31A1"	"Pancreatic cancer || id:bbj-a-140"	"SLC31A1"	"bbj-a-140"	NA	"rs4390018"	-0.124137076123303	0.223829680987057	0.579164819703565	"SLC31A1"	0.883258758897673	0.569587279849892	1.36966899151093
"eQTLGen_SLC31A1"	"Pancreatic cancer || id:bbj-a-140"	"SLC31A1"	"bbj-a-140"	NA	"rs6477990"	0.752168642737966	0.775167338723444	0.331881694607278	"SLC31A1"	2.12159601506306	0.464330200352458	9.69389810896371
"eQTLGen_SLC31A1"	"Pancreatic cancer || id:bbj-a-140"	"SLC31A1"	"bbj-a-140"	NA	"All - Inverse variance weighted"	-0.0714081893224872	0.210819970707843	0.734823356967585	"SLC31A1"	0.931081756917767	0.615934081387126	1.40747730035124
"eQTLGen_SLC31A1"	"Pancreatic cancer || id:bbj-a-140"	"SLC31A1"	"bbj-a-140"	NA	"All - MR Egger"	-0.377041472993151	0.501691305897679	0.589707166410328	"SLC31A1"	0.685887627493268	0.256569310999364	1.83358576953699
