gene	n_mr_keep	reporting_tier	recommended_section	lead_method	lead_nsnp	lead_b	lead_se	lead_pval	lead_OR	lead_OR_lci95	lead_OR_uci95	ivw_p	wm_p	egger_p	ivw_b	wm_b	egger_b	sign_consistent_main_methods	any_main_method_sig	ivw_heterogeneity_p	egger_heterogeneity_p	egger_intercept	egger_intercept_se	egger_intercept_p	outcome	outcome_id	exposure	evidence_class	writing_priority	next_action_priority
"GPX4"	3	"main_text_candidate"	"main_results_or_main_supplement"	"IVW"	3	-0.0838310551250218	0.113693285318988	0.460913216635818	0.91958660241585	0.735893483413102	1.14913304493555	0.460913216635818	0.446383461821586	0.729335789955225	-0.0838310551250218	-0.0864106105664554	-0.155173286504426	TRUE	FALSE	0.896591801817571	0.68045226988881	0.0388774640965098	0.17618504650092	0.861737452584668	"Pancreatic cancer || id:bbj-a-140"	"bbj-a-140"	"eQTLGen_GPX4"	"multi_snp_but_no_support"	"main_text_negative_or_neutral"	"prioritise_primary_outcome_replication"
"SLC31A1"	3	"main_text_candidate"	"main_results_or_main_supplement"	"IVW"	3	-0.0714081893224872	0.210819970707843	0.734823356967585	0.931081756917767	0.615934081387126	1.40747730035124	0.734823356967585	0.67301548771195	0.589707166410328	-0.0714081893224872	-0.0925561807355837	-0.377041472993151	TRUE	FALSE	0.522065798297634	0.35677834734153	0.093302778424953	0.138976145534642	0.623602648906113	"Pancreatic cancer || id:bbj-a-140"	"bbj-a-140"	"eQTLGen_SLC31A1"	"multi_snp_but_no_support"	"main_text_negative_or_neutral"	"prioritise_primary_outcome_replication"
