chisq	df	p_value
0.0126299578429951	2	0.993704918651608
