term	estimate	std.error	statistic	p.value	conf.low	conf.high
risk_score	3.77261574052388	0.176528385935078	7.52155855397049	5.41270760815168e-14	2.66920136267909	5.33216778795706
