c_index	se
0.687128712871287	0.0312645886496611
