chisq	df	p	term
0.0509456267486484	1	0.82142590705723	risk_score
0.00121079444340695	1	0.972242034097656	age
2.19785573416261	1	0.138202866219872	gender
1.04986948268893	1	0.305537148081026	stage_collapsed
0.136130944731701	1	0.712158082171964	grade_collapsed
3.31503423429066	5	0.651540746562527	GLOBAL
