time_days	AUC
365	0.74946780432985
730	0.743169964356032
1095	0.740206021274945
